--
-- PostgreSQL database dump
--

\restrict bv5oSPJU4IYYuaeZKGIhrxV3NWf5CCtk7PUdQOp3Q98d5Mg3KlnVXapdJMCYVZ8

-- Dumped from database version 18.2
-- Dumped by pg_dump version 18.2

SET statement_timeout = 0;
SET lock_timeout = 0;
SET idle_in_transaction_session_timeout = 0;
SET transaction_timeout = 0;
SET client_encoding = 'UTF8';
SET standard_conforming_strings = on;
SELECT pg_catalog.set_config('search_path', '', false);
SET check_function_bodies = false;
SET xmloption = content;
SET client_min_messages = warning;
SET row_security = off;

SET default_tablespace = '';

SET default_table_access_method = heap;

--
-- Name: flyway_schema_history; Type: TABLE; Schema: public; Owner: postgres
--

CREATE TABLE public.flyway_schema_history (
    installed_rank integer NOT NULL,
    version character varying(50),
    description character varying(200) NOT NULL,
    type character varying(20) NOT NULL,
    script character varying(1000) NOT NULL,
    checksum integer,
    installed_by character varying(100) NOT NULL,
    installed_on timestamp without time zone DEFAULT now() NOT NULL,
    execution_time integer NOT NULL,
    success boolean NOT NULL
);


ALTER TABLE public.flyway_schema_history OWNER TO postgres;

--
-- Name: otps; Type: TABLE; Schema: public; Owner: postgres
--

CREATE TABLE public.otps (
    id bigint NOT NULL,
    code character varying(6) NOT NULL,
    type character varying(30) NOT NULL,
    created_at timestamp without time zone DEFAULT CURRENT_TIMESTAMP NOT NULL,
    expiry_time timestamp without time zone NOT NULL,
    used boolean DEFAULT false NOT NULL,
    user_id bigint NOT NULL
);


ALTER TABLE public.otps OWNER TO postgres;

--
-- Name: otps_id_seq; Type: SEQUENCE; Schema: public; Owner: postgres
--

CREATE SEQUENCE public.otps_id_seq
    START WITH 1
    INCREMENT BY 1
    NO MINVALUE
    NO MAXVALUE
    CACHE 1;


ALTER SEQUENCE public.otps_id_seq OWNER TO postgres;

--
-- Name: otps_id_seq; Type: SEQUENCE OWNED BY; Schema: public; Owner: postgres
--

ALTER SEQUENCE public.otps_id_seq OWNED BY public.otps.id;


--
-- Name: refresh_tokens; Type: TABLE; Schema: public; Owner: postgres
--

CREATE TABLE public.refresh_tokens (
    id bigint NOT NULL,
    token character varying(500) NOT NULL,
    user_id bigint NOT NULL,
    expiry_date timestamp without time zone NOT NULL,
    revoked boolean DEFAULT false NOT NULL,
    created_at timestamp without time zone DEFAULT CURRENT_TIMESTAMP NOT NULL
);


ALTER TABLE public.refresh_tokens OWNER TO postgres;

--
-- Name: refresh_tokens_id_seq; Type: SEQUENCE; Schema: public; Owner: postgres
--

CREATE SEQUENCE public.refresh_tokens_id_seq
    START WITH 1
    INCREMENT BY 1
    NO MINVALUE
    NO MAXVALUE
    CACHE 1;


ALTER SEQUENCE public.refresh_tokens_id_seq OWNER TO postgres;

--
-- Name: refresh_tokens_id_seq; Type: SEQUENCE OWNED BY; Schema: public; Owner: postgres
--

ALTER SEQUENCE public.refresh_tokens_id_seq OWNED BY public.refresh_tokens.id;


--
-- Name: reviews; Type: TABLE; Schema: public; Owner: postgres
--

CREATE TABLE public.reviews (
    id bigint NOT NULL,
    service_request_id bigint NOT NULL,
    customer_id bigint NOT NULL,
    worker_profile_id bigint NOT NULL,
    rating integer NOT NULL,
    review_text character varying(1000),
    created_at timestamp without time zone NOT NULL,
    updated_at timestamp without time zone NOT NULL
);


ALTER TABLE public.reviews OWNER TO postgres;

--
-- Name: reviews_id_seq; Type: SEQUENCE; Schema: public; Owner: postgres
--

ALTER TABLE public.reviews ALTER COLUMN id ADD GENERATED BY DEFAULT AS IDENTITY (
    SEQUENCE NAME public.reviews_id_seq
    START WITH 1
    INCREMENT BY 1
    NO MINVALUE
    NO MAXVALUE
    CACHE 1
);


--
-- Name: service_categories; Type: TABLE; Schema: public; Owner: postgres
--

CREATE TABLE public.service_categories (
    id bigint NOT NULL,
    name character varying(100) NOT NULL,
    description character varying(500),
    active boolean DEFAULT true NOT NULL,
    created_at timestamp without time zone DEFAULT CURRENT_TIMESTAMP NOT NULL,
    updated_at timestamp without time zone DEFAULT CURRENT_TIMESTAMP NOT NULL
);


ALTER TABLE public.service_categories OWNER TO postgres;

--
-- Name: service_categories_id_seq; Type: SEQUENCE; Schema: public; Owner: postgres
--

CREATE SEQUENCE public.service_categories_id_seq
    START WITH 1
    INCREMENT BY 1
    NO MINVALUE
    NO MAXVALUE
    CACHE 1;


ALTER SEQUENCE public.service_categories_id_seq OWNER TO postgres;

--
-- Name: service_categories_id_seq; Type: SEQUENCE OWNED BY; Schema: public; Owner: postgres
--

ALTER SEQUENCE public.service_categories_id_seq OWNED BY public.service_categories.id;


--
-- Name: service_requests; Type: TABLE; Schema: public; Owner: postgres
--

CREATE TABLE public.service_requests (
    id bigint NOT NULL,
    customer_id bigint NOT NULL,
    worker_profile_id bigint NOT NULL,
    description character varying(1000),
    status character varying(40) NOT NULL,
    worker_remark character varying(500),
    requested_at timestamp without time zone DEFAULT CURRENT_TIMESTAMP NOT NULL,
    responded_at timestamp without time zone,
    completed_at timestamp without time zone,
    address character varying(500) DEFAULT ''::character varying NOT NULL,
    title character varying(255)
);


ALTER TABLE public.service_requests OWNER TO postgres;

--
-- Name: service_requests_id_seq; Type: SEQUENCE; Schema: public; Owner: postgres
--

CREATE SEQUENCE public.service_requests_id_seq
    START WITH 1
    INCREMENT BY 1
    NO MINVALUE
    NO MAXVALUE
    CACHE 1;


ALTER SEQUENCE public.service_requests_id_seq OWNER TO postgres;

--
-- Name: service_requests_id_seq; Type: SEQUENCE OWNED BY; Schema: public; Owner: postgres
--

ALTER SEQUENCE public.service_requests_id_seq OWNED BY public.service_requests.id;


--
-- Name: user_roles; Type: TABLE; Schema: public; Owner: postgres
--

CREATE TABLE public.user_roles (
    user_id bigint NOT NULL,
    role character varying(50) NOT NULL
);


ALTER TABLE public.user_roles OWNER TO postgres;

--
-- Name: users; Type: TABLE; Schema: public; Owner: postgres
--

CREATE TABLE public.users (
    id bigint NOT NULL,
    name character varying(100) NOT NULL,
    email character varying(150) NOT NULL,
    password character varying(255) NOT NULL,
    created_at timestamp without time zone DEFAULT CURRENT_TIMESTAMP,
    token_version integer DEFAULT 0 NOT NULL,
    is_verified boolean DEFAULT false NOT NULL,
    updated_at timestamp without time zone DEFAULT CURRENT_TIMESTAMP NOT NULL
);


ALTER TABLE public.users OWNER TO postgres;

--
-- Name: users_id_seq; Type: SEQUENCE; Schema: public; Owner: postgres
--

CREATE SEQUENCE public.users_id_seq
    START WITH 1
    INCREMENT BY 1
    NO MINVALUE
    NO MAXVALUE
    CACHE 1;


ALTER SEQUENCE public.users_id_seq OWNER TO postgres;

--
-- Name: users_id_seq; Type: SEQUENCE OWNED BY; Schema: public; Owner: postgres
--

ALTER SEQUENCE public.users_id_seq OWNED BY public.users.id;


--
-- Name: worker_applications; Type: TABLE; Schema: public; Owner: postgres
--

CREATE TABLE public.worker_applications (
    id bigint NOT NULL,
    user_id bigint NOT NULL,
    phone character varying(20) NOT NULL,
    experience_years integer,
    address text,
    document_number character varying(100) NOT NULL,
    status character varying(20) NOT NULL,
    admin_remark text,
    reviewed_by bigint,
    reviewed_at timestamp without time zone,
    created_at timestamp without time zone DEFAULT CURRENT_TIMESTAMP NOT NULL,
    updated_at timestamp without time zone DEFAULT CURRENT_TIMESTAMP NOT NULL,
    document_type character varying(30) DEFAULT 'AADHAAR'::character varying NOT NULL,
    document_url text,
    category_id bigint NOT NULL
);


ALTER TABLE public.worker_applications OWNER TO postgres;

--
-- Name: worker_applications_id_seq; Type: SEQUENCE; Schema: public; Owner: postgres
--

CREATE SEQUENCE public.worker_applications_id_seq
    START WITH 1
    INCREMENT BY 1
    NO MINVALUE
    NO MAXVALUE
    CACHE 1;


ALTER SEQUENCE public.worker_applications_id_seq OWNER TO postgres;

--
-- Name: worker_applications_id_seq; Type: SEQUENCE OWNED BY; Schema: public; Owner: postgres
--

ALTER SEQUENCE public.worker_applications_id_seq OWNED BY public.worker_applications.id;


--
-- Name: worker_profiles; Type: TABLE; Schema: public; Owner: postgres
--

CREATE TABLE public.worker_profiles (
    id bigint NOT NULL,
    worker_id bigint NOT NULL,
    bio character varying(500),
    experience_years integer NOT NULL,
    city character varying(100),
    state character varying(100),
    profile_completed boolean DEFAULT false NOT NULL,
    created_at timestamp without time zone NOT NULL,
    updated_at timestamp without time zone NOT NULL,
    category_id bigint NOT NULL,
    average_rating numeric(3,2) DEFAULT 0.00 NOT NULL,
    total_reviews integer DEFAULT 0 NOT NULL
);


ALTER TABLE public.worker_profiles OWNER TO postgres;

--
-- Name: worker_profiles_id_seq; Type: SEQUENCE; Schema: public; Owner: postgres
--

CREATE SEQUENCE public.worker_profiles_id_seq
    START WITH 1
    INCREMENT BY 1
    NO MINVALUE
    NO MAXVALUE
    CACHE 1;


ALTER SEQUENCE public.worker_profiles_id_seq OWNER TO postgres;

--
-- Name: worker_profiles_id_seq; Type: SEQUENCE OWNED BY; Schema: public; Owner: postgres
--

ALTER SEQUENCE public.worker_profiles_id_seq OWNED BY public.worker_profiles.id;


--
-- Name: otps id; Type: DEFAULT; Schema: public; Owner: postgres
--

ALTER TABLE ONLY public.otps ALTER COLUMN id SET DEFAULT nextval('public.otps_id_seq'::regclass);


--
-- Name: refresh_tokens id; Type: DEFAULT; Schema: public; Owner: postgres
--

ALTER TABLE ONLY public.refresh_tokens ALTER COLUMN id SET DEFAULT nextval('public.refresh_tokens_id_seq'::regclass);


--
-- Name: service_categories id; Type: DEFAULT; Schema: public; Owner: postgres
--

ALTER TABLE ONLY public.service_categories ALTER COLUMN id SET DEFAULT nextval('public.service_categories_id_seq'::regclass);


--
-- Name: service_requests id; Type: DEFAULT; Schema: public; Owner: postgres
--

ALTER TABLE ONLY public.service_requests ALTER COLUMN id SET DEFAULT nextval('public.service_requests_id_seq'::regclass);


--
-- Name: users id; Type: DEFAULT; Schema: public; Owner: postgres
--

ALTER TABLE ONLY public.users ALTER COLUMN id SET DEFAULT nextval('public.users_id_seq'::regclass);


--
-- Name: worker_applications id; Type: DEFAULT; Schema: public; Owner: postgres
--

ALTER TABLE ONLY public.worker_applications ALTER COLUMN id SET DEFAULT nextval('public.worker_applications_id_seq'::regclass);


--
-- Name: worker_profiles id; Type: DEFAULT; Schema: public; Owner: postgres
--

ALTER TABLE ONLY public.worker_profiles ALTER COLUMN id SET DEFAULT nextval('public.worker_profiles_id_seq'::regclass);


--
-- Data for Name: flyway_schema_history; Type: TABLE DATA; Schema: public; Owner: postgres
--

COPY public.flyway_schema_history (installed_rank, version, description, type, script, checksum, installed_by, installed_on, execution_time, success) FROM stdin;
1	1	init	SQL	V1__init.sql	526872897	postgres	2026-05-14 13:51:57.509008	97	t
2	2	add role to users	SQL	V2__add_role_to_users.sql	-1994059069	postgres	2026-05-14 22:33:25.827159	109	t
3	3	add auth fields to users	SQL	V3__add_auth_fields_to_users.sql	224050181	postgres	2026-05-18 23:52:21.433062	132	t
4	4	create refrsh tokens table	SQL	V4__create_refrsh_tokens_table.sql	-189050421	postgres	2026-05-18 23:52:21.642299	190	t
5	5	create otps table	SQL	V5__create_otps_table.sql	598089825	postgres	2026-05-19 00:56:35.068679	149	t
6	6	change default role to user	SQL	V6__change_default_role_to_user.sql	-888599103	postgres	2026-05-19 00:56:35.334579	28	t
7	7	add user roleTable andJoin withUser	SQL	V7__add_user_roleTable_andJoin_withUser.sql	1806645498	postgres	2026-05-20 00:07:49.782057	114	t
8	8	create worker application	SQL	V8__create_worker_application.sql	-1253135549	postgres	2026-05-31 18:41:26.819765	202	t
9	9	worker application enhancement	SQL	V9__worker_application_enhancement.sql	1798278716	postgres	2026-05-31 19:06:04.702403	42	t
10	10	create service categories table	SQL	V10__create_service_categories_table.sql	-1669677958	postgres	2026-06-10 18:19:58.085102	200	t
11	11	add category id to worker applications	SQL	V11__add_category_id_to_worker_applications.sql	807744394	postgres	2026-06-10 18:59:47.690204	80	t
12	12	migrate worker application categories	SQL	V12__migrate_worker_application_categories.sql	-1028185973	postgres	2026-06-10 18:59:47.836627	18	t
13	13	drop worker application category column	SQL	V13__drop_worker_application_category_column.sql	-1453486838	postgres	2026-06-10 23:23:22.474758	120	t
14	14	create workerprofile	SQL	V14__create_workerprofile.sql	-1606386073	postgres	2026-06-11 02:15:09.603627	114	t
15	15	add service category in worker profile	SQL	V15__add_service_category_in_worker_profile.sql	-654732817	postgres	2026-06-11 18:33:36.95034	84	t
16	16	add service request	SQL	V16__add_service_request.sql	-669999404	postgres	2026-06-13 20:52:24.157089	123	t
17	17	update service request	SQL	V17__update_service_request.sql	257970944	postgres	2026-06-13 21:05:08.509317	45	t
18	18	service request fix	SQL	V18__service_request_fix.sql	-2067389164	postgres	2026-06-13 21:15:24.589539	44	t
19	19	final service request amend	SQL	V19__final_service_request_amend.sql	-293568381	postgres	2026-06-13 21:18:47.794144	11	t
20	20	remove category from service request	SQL	V20__remove_category_from_service_request.sql	478381270	postgres	2026-06-13 22:12:15.939747	51	t
21	21	edit worker profile	SQL	V21__edit_worker_profile.sql	-1949505016	postgres	2026-06-14 00:54:24.361463	73	t
22	22	create review	SQL	V22__create_review.sql	-1771211198	postgres	2026-06-14 00:55:48.079501	99	t
\.


--
-- Data for Name: otps; Type: TABLE DATA; Schema: public; Owner: postgres
--

COPY public.otps (id, code, type, created_at, expiry_time, used, user_id) FROM stdin;
2	337713	EMAIL_VERIFICATION	2026-05-25 23:48:53.401222	2026-05-25 23:53:53.400221	t	2
3	925217	EMAIL_VERIFICATION	2026-05-26 00:02:42.448824	2026-05-26 00:07:42.448824	t	3
4	190102	EMAIL_VERIFICATION	2026-05-26 00:05:52.359219	2026-05-26 00:10:52.344356	t	3
5	715282	EMAIL_VERIFICATION	2026-05-26 00:15:12.187472	2026-05-26 00:20:12.187472	f	4
6	425208	PASSWORD_RESET	2026-05-26 00:26:49.297327	2026-05-26 00:31:49.28223	t	2
7	941674	PASSWORD_RESET	2026-05-26 11:47:00.103694	2026-05-26 11:52:00.101727	t	2
1	360573	EMAIL_VERIFICATION	2026-05-25 23:47:15.945834	2026-05-25 23:52:15.943834	t	1
8	652845	EMAIL_VERIFICATION	2026-06-09 23:48:26.537195	2026-06-09 23:53:26.515993	t	1
\.


--
-- Data for Name: refresh_tokens; Type: TABLE DATA; Schema: public; Owner: postgres
--

COPY public.refresh_tokens (id, token, user_id, expiry_date, revoked, created_at) FROM stdin;
3	eyJhbGciOiJIUzI1NiJ9.eyJ0b2tlblZlcnNpb24iOjAsInR5cGUiOiJSRUZSRVNIIiwic3ViIjoidGVtcGVydGVtcGVyOTQwQGdtYWlsLmNvbSIsImlhdCI6MTc3OTczNDIzMywiZXhwIjoxNzgwMzM5MDMzfQ.FY6Xjqe4Qi4cIeH-OFPXQzNFZoPHvSHlT6FDBqxTFKA	3	2026-06-02 00:07:13.886057	f	2026-05-26 00:07:13.888499
17	eyJhbGciOiJIUzI1NiJ9.eyJ0b2tlblZlcnNpb24iOjQsInR5cGUiOiJSRUZSRVNIIiwic3ViIjoianZzb2xhbmtpMjAwNUBnbWFpbC5jb20iLCJpYXQiOjE3Nzk3NzY0ODksImV4cCI6MTc4MDM4MTI4OX0._cx5F0sw_cWTJuPlH5o8cH4NngeTQ3b9vBMBHkzzHCQ	2	2026-06-02 11:51:29.927398	f	2026-05-26 11:51:29.927398
18	eyJhbGciOiJIUzI1NiJ9.eyJ0b2tlblZlcnNpb24iOjAsInR5cGUiOiJSRUZSRVNIIiwic3ViIjoidGVtcGVydGVtcGVyOTQwQGdtYWlsLmNvbSIsImlhdCI6MTc4MTAxMDUyNSwiZXhwIjoxNzgxNjE1MzI1fQ.kD4hiam58Dc5N0trSedq-IuSa2deUG8C2I26gSZHlAU	3	2026-06-16 18:38:45.545223	f	2026-06-09 18:38:45.582356
19	eyJhbGciOiJIUzI1NiJ9.eyJ0b2tlblZlcnNpb24iOjAsInR5cGUiOiJSRUZSRVNIIiwic3ViIjoidGVtcGVydGVtcGVyOTQwQGdtYWlsLmNvbSIsImlhdCI6MTc4MTAxMDYxNCwiZXhwIjoxNzgxNjE1NDE0fQ.AuDUFsUBxTVspvQ60zaEeg0j3bV9qpAiRei7rlZDetk	3	2026-06-16 18:40:14.048469	f	2026-06-09 18:40:14.049468
20	eyJhbGciOiJIUzI1NiJ9.eyJ0b2tlblZlcnNpb24iOjQsInR5cGUiOiJSRUZSRVNIIiwic3ViIjoianZzb2xhbmtpMjAwNUBnbWFpbC5jb20iLCJpYXQiOjE3ODEwMTEzMDYsImV4cCI6MTc4MTYxNjEwNn0.MWTVwFbMXWt7Hoc087FiVIbF6n2c9_C9F9VkrU5IrpM	2	2026-06-16 18:51:46.875624	f	2026-06-09 18:51:46.912187
21	eyJhbGciOiJIUzI1NiJ9.eyJ0b2tlblZlcnNpb24iOjAsInR5cGUiOiJSRUZSRVNIIiwic3ViIjoibm9vYnBhcnRuZXJzMjAwNUBnbWFpbC5jb20iLCJpYXQiOjE3ODEwMjkxNTEsImV4cCI6MTc4MTYzMzk1MX0.Z8109C1rSXqu-HHZHp90x6jFqjQpKKJYlE3F-kpmZ4Y	1	2026-06-16 23:49:11.172733	f	2026-06-09 23:49:11.173736
22	eyJhbGciOiJIUzI1NiJ9.eyJ0b2tlblZlcnNpb24iOjAsInR5cGUiOiJSRUZSRVNIIiwic3ViIjoidGVtcGVydGVtcGVyOTQwQGdtYWlsLmNvbSIsImlhdCI6MTc4MTE5OTU3NCwiZXhwIjoxNzgxODA0Mzc0fQ.iNvzWDWjOB6PI2h4c0OL-CWWkD1xeBpdXN2MTe5-cH8	3	2026-06-18 23:09:34.036788	f	2026-06-11 23:09:34.077243
23	eyJhbGciOiJIUzI1NiJ9.eyJ0b2tlblZlcnNpb24iOjAsInR5cGUiOiJSRUZSRVNIIiwic3ViIjoibm9vYnBhcnRuZXJzMjAwNUBnbWFpbC5jb20iLCJpYXQiOjE3ODEzNzQ3NTgsImV4cCI6MTc4MTk3OTU1OH0.lg0hjIgW42oq88n70pVf4ndsrOjeJZeJRxeHk23iYuw	1	2026-06-20 23:49:18.415344	f	2026-06-13 23:49:18.419307
\.


--
-- Data for Name: reviews; Type: TABLE DATA; Schema: public; Owner: postgres
--

COPY public.reviews (id, service_request_id, customer_id, worker_profile_id, rating, review_text, created_at, updated_at) FROM stdin;
\.


--
-- Data for Name: service_categories; Type: TABLE DATA; Schema: public; Owner: postgres
--

COPY public.service_categories (id, name, description, active, created_at, updated_at) FROM stdin;
1	Electrician	Electrical services	t	2026-06-10 18:19:58.131499	2026-06-10 18:19:58.131499
2	Plumber	Plumbing services	t	2026-06-10 18:19:58.131499	2026-06-10 18:19:58.131499
3	Painter	Painting services	t	2026-06-10 18:19:58.131499	2026-06-10 18:19:58.131499
4	Cleaner	Cleaning services	t	2026-06-10 18:19:58.131499	2026-06-10 18:19:58.131499
5	Carpenter	Carpentry services	t	2026-06-10 18:19:58.131499	2026-06-10 18:19:58.131499
6	ACRepairing	All ac related services	t	2026-06-11 19:02:22.376389	2026-06-11 19:13:11.695594
\.


--
-- Data for Name: service_requests; Type: TABLE DATA; Schema: public; Owner: postgres
--

COPY public.service_requests (id, customer_id, worker_profile_id, description, status, worker_remark, requested_at, responded_at, completed_at, address, title) FROM stdin;
8	1	3	Kitchen tap is leaking continuously and needs repair	REJECTED	location is too far	2026-06-13 23:49:51.563221	2026-06-13 23:58:39.15059	\N	Flat 12B, Sunshine Apartments, Anand, Gujarat	Fix leaking tap
7	2	3	Kitchen tap is leaking continuously and needs repair	COMPLETED	\N	2026-06-13 22:12:54.980612	2026-06-13 23:55:10.84214	2026-06-14 00:03:41.2872	Flat 12B, Sunshine Apartments, Anand, Gujarat	Fix leaking tap
9	2	3	Kitchen tap is leaking continuously and needs repair	CANCELLED	\N	2026-06-14 00:03:59.746878	2026-06-14 00:05:16.656473	\N	Flat 12B, Sunshine Apartments, Anand, Gujarat	Fix leaking tap
\.


--
-- Data for Name: user_roles; Type: TABLE DATA; Schema: public; Owner: postgres
--

COPY public.user_roles (user_id, role) FROM stdin;
1	USER
2	USER
3	USER
4	USER
3	ADMIN
2	WORKER
1	WORKER
3	WORKER
\.


--
-- Data for Name: users; Type: TABLE DATA; Schema: public; Owner: postgres
--

COPY public.users (id, name, email, password, created_at, token_version, is_verified, updated_at) FROM stdin;
3	Jaymin Solanki	tempertemper940@gmail.com	$2a$10$iUm84Q45ffs07WSNieaUCeLtiKn1By5aKbCb.K95acKtAwztiuu.i	2026-05-26 00:02:42.425291	0	t	2026-05-26 00:07:08.08326
4	Mayur patel	23cp016@bvmengineering.ac.in	$2a$10$6bTdksjm/O.zHeZmTiGwIeAVAjmzaQWOpZ9G8xSuOz1ChGz5zS/zC	2026-05-26 00:15:12.155148	0	f	2026-05-26 00:15:12.155148
2	Jaymin Solanki	jvsolanki2005@gmail.com	$2a$10$5HmWlt24kCG/NdlB8boAo.TPTqXJyZEz5o0qjELELlv3CTsf//HqO	2026-05-25 23:48:53.373123	4	t	2026-05-26 11:48:15.773064
1	Jaymin Solanki	noobpartners2005@gmail.com	$2a$10$XfndfGTcTIHMkkDdsBZBIumyaUDYLLT7eU9dpH1HuOoNpi6bL117q	2026-05-25 23:47:15.752519	0	t	2026-06-09 23:49:04.972231
\.


--
-- Data for Name: worker_applications; Type: TABLE DATA; Schema: public; Owner: postgres
--

COPY public.worker_applications (id, user_id, phone, experience_years, address, document_number, status, admin_remark, reviewed_by, reviewed_at, created_at, updated_at, document_type, document_url, category_id) FROM stdin;
2	1	9876543210	2	Ahemdabad, Gujarat	123123123123	REJECTED	Document image is blurry	3	2026-06-10 00:06:54.659277	2026-06-09 23:53:59.423153	2026-06-10 00:06:54.660268	PAN	worker-documents/51481f11-286c-44f1-be4e-e66ca2f93486-jaymin.jpg	1
1	2	9327121455	5	123 MG Road, Vadodara, Gujarat	123123123123	APPROVED	\N	3	2026-06-10 00:04:18.143466	2026-06-09 23:17:48.254793	2026-06-10 00:04:18.151448	AADHAAR	worker-documents/55704f3e-02d8-4a6a-a081-b128da7610b8-jaymin.jpg	2
3	1	9999999999	2	Ananad, Gujarat	143	APPROVED	\N	3	2026-06-10 23:29:16.771068	2026-06-10 23:26:49.810295	2026-06-10 23:29:16.787021	PAN	worker-documents/c116113c-0b92-41d4-94f1-b39344092083-jaymin.jpg	2
4	3	9999999999	2	Ananad, Gujarat	143	APPROVED	\N	3	2026-06-11 23:12:10.342901	2026-06-11 23:09:58.911938	2026-06-11 23:12:10.351435	PAN	worker-documents/b9d7b834-ca76-4888-b078-d8b87869f8ef-jaymin.jpg	1
\.


--
-- Data for Name: worker_profiles; Type: TABLE DATA; Schema: public; Owner: postgres
--

COPY public.worker_profiles (id, worker_id, bio, experience_years, city, state, profile_completed, created_at, updated_at, category_id, average_rating, total_reviews) FROM stdin;
1	2	\N	5	\N	\N	f	2026-06-11 18:48:10.676977	2026-06-11 18:48:10.676977	2	0.00	0
2	1	\N	2	\N	\N	f	2026-06-11 18:48:36.025276	2026-06-11 18:48:36.025276	2	0.00	0
3	3	Experienced plumber specializing in residential and commercial plumbing repairs.	9	Ahmedabad	Gujarat	t	2026-06-11 23:12:10.337904	2026-06-11 23:20:18.803577	1	0.00	0
\.


--
-- Name: otps_id_seq; Type: SEQUENCE SET; Schema: public; Owner: postgres
--

SELECT pg_catalog.setval('public.otps_id_seq', 8, true);


--
-- Name: refresh_tokens_id_seq; Type: SEQUENCE SET; Schema: public; Owner: postgres
--

SELECT pg_catalog.setval('public.refresh_tokens_id_seq', 23, true);


--
-- Name: reviews_id_seq; Type: SEQUENCE SET; Schema: public; Owner: postgres
--

SELECT pg_catalog.setval('public.reviews_id_seq', 1, false);


--
-- Name: service_categories_id_seq; Type: SEQUENCE SET; Schema: public; Owner: postgres
--

SELECT pg_catalog.setval('public.service_categories_id_seq', 6, true);


--
-- Name: service_requests_id_seq; Type: SEQUENCE SET; Schema: public; Owner: postgres
--

SELECT pg_catalog.setval('public.service_requests_id_seq', 9, true);


--
-- Name: users_id_seq; Type: SEQUENCE SET; Schema: public; Owner: postgres
--

SELECT pg_catalog.setval('public.users_id_seq', 4, true);


--
-- Name: worker_applications_id_seq; Type: SEQUENCE SET; Schema: public; Owner: postgres
--

SELECT pg_catalog.setval('public.worker_applications_id_seq', 4, true);


--
-- Name: worker_profiles_id_seq; Type: SEQUENCE SET; Schema: public; Owner: postgres
--

SELECT pg_catalog.setval('public.worker_profiles_id_seq', 3, true);


--
-- Name: flyway_schema_history flyway_schema_history_pk; Type: CONSTRAINT; Schema: public; Owner: postgres
--

ALTER TABLE ONLY public.flyway_schema_history
    ADD CONSTRAINT flyway_schema_history_pk PRIMARY KEY (installed_rank);


--
-- Name: otps otps_pkey; Type: CONSTRAINT; Schema: public; Owner: postgres
--

ALTER TABLE ONLY public.otps
    ADD CONSTRAINT otps_pkey PRIMARY KEY (id);


--
-- Name: refresh_tokens refresh_tokens_pkey; Type: CONSTRAINT; Schema: public; Owner: postgres
--

ALTER TABLE ONLY public.refresh_tokens
    ADD CONSTRAINT refresh_tokens_pkey PRIMARY KEY (id);


--
-- Name: refresh_tokens refresh_tokens_token_key; Type: CONSTRAINT; Schema: public; Owner: postgres
--

ALTER TABLE ONLY public.refresh_tokens
    ADD CONSTRAINT refresh_tokens_token_key UNIQUE (token);


--
-- Name: reviews reviews_pkey; Type: CONSTRAINT; Schema: public; Owner: postgres
--

ALTER TABLE ONLY public.reviews
    ADD CONSTRAINT reviews_pkey PRIMARY KEY (id);


--
-- Name: reviews reviews_service_request_id_key; Type: CONSTRAINT; Schema: public; Owner: postgres
--

ALTER TABLE ONLY public.reviews
    ADD CONSTRAINT reviews_service_request_id_key UNIQUE (service_request_id);


--
-- Name: service_categories service_categories_pkey; Type: CONSTRAINT; Schema: public; Owner: postgres
--

ALTER TABLE ONLY public.service_categories
    ADD CONSTRAINT service_categories_pkey PRIMARY KEY (id);


--
-- Name: service_requests service_requests_pkey; Type: CONSTRAINT; Schema: public; Owner: postgres
--

ALTER TABLE ONLY public.service_requests
    ADD CONSTRAINT service_requests_pkey PRIMARY KEY (id);


--
-- Name: service_categories uk_service_category_name; Type: CONSTRAINT; Schema: public; Owner: postgres
--

ALTER TABLE ONLY public.service_categories
    ADD CONSTRAINT uk_service_category_name UNIQUE (name);


--
-- Name: users users_email_key; Type: CONSTRAINT; Schema: public; Owner: postgres
--

ALTER TABLE ONLY public.users
    ADD CONSTRAINT users_email_key UNIQUE (email);


--
-- Name: users users_pkey; Type: CONSTRAINT; Schema: public; Owner: postgres
--

ALTER TABLE ONLY public.users
    ADD CONSTRAINT users_pkey PRIMARY KEY (id);


--
-- Name: worker_applications worker_applications_pkey; Type: CONSTRAINT; Schema: public; Owner: postgres
--

ALTER TABLE ONLY public.worker_applications
    ADD CONSTRAINT worker_applications_pkey PRIMARY KEY (id);


--
-- Name: worker_profiles worker_profiles_pkey; Type: CONSTRAINT; Schema: public; Owner: postgres
--

ALTER TABLE ONLY public.worker_profiles
    ADD CONSTRAINT worker_profiles_pkey PRIMARY KEY (id);


--
-- Name: worker_profiles worker_profiles_worker_id_key; Type: CONSTRAINT; Schema: public; Owner: postgres
--

ALTER TABLE ONLY public.worker_profiles
    ADD CONSTRAINT worker_profiles_worker_id_key UNIQUE (worker_id);


--
-- Name: flyway_schema_history_s_idx; Type: INDEX; Schema: public; Owner: postgres
--

CREATE INDEX flyway_schema_history_s_idx ON public.flyway_schema_history USING btree (success);


--
-- Name: otps fk_otp_user; Type: FK CONSTRAINT; Schema: public; Owner: postgres
--

ALTER TABLE ONLY public.otps
    ADD CONSTRAINT fk_otp_user FOREIGN KEY (user_id) REFERENCES public.users(id) ON DELETE CASCADE;


--
-- Name: refresh_tokens fk_refresh_token_user; Type: FK CONSTRAINT; Schema: public; Owner: postgres
--

ALTER TABLE ONLY public.refresh_tokens
    ADD CONSTRAINT fk_refresh_token_user FOREIGN KEY (user_id) REFERENCES public.users(id) ON DELETE CASCADE;


--
-- Name: reviews fk_review_customer; Type: FK CONSTRAINT; Schema: public; Owner: postgres
--

ALTER TABLE ONLY public.reviews
    ADD CONSTRAINT fk_review_customer FOREIGN KEY (customer_id) REFERENCES public.users(id);


--
-- Name: reviews fk_review_service_request; Type: FK CONSTRAINT; Schema: public; Owner: postgres
--

ALTER TABLE ONLY public.reviews
    ADD CONSTRAINT fk_review_service_request FOREIGN KEY (service_request_id) REFERENCES public.service_requests(id);


--
-- Name: reviews fk_review_worker_profile; Type: FK CONSTRAINT; Schema: public; Owner: postgres
--

ALTER TABLE ONLY public.reviews
    ADD CONSTRAINT fk_review_worker_profile FOREIGN KEY (worker_profile_id) REFERENCES public.worker_profiles(id);


--
-- Name: service_requests fk_service_request_customer; Type: FK CONSTRAINT; Schema: public; Owner: postgres
--

ALTER TABLE ONLY public.service_requests
    ADD CONSTRAINT fk_service_request_customer FOREIGN KEY (customer_id) REFERENCES public.users(id);


--
-- Name: service_requests fk_service_request_worker_profile; Type: FK CONSTRAINT; Schema: public; Owner: postgres
--

ALTER TABLE ONLY public.service_requests
    ADD CONSTRAINT fk_service_request_worker_profile FOREIGN KEY (worker_profile_id) REFERENCES public.worker_profiles(id);


--
-- Name: user_roles fk_user_roles_user; Type: FK CONSTRAINT; Schema: public; Owner: postgres
--

ALTER TABLE ONLY public.user_roles
    ADD CONSTRAINT fk_user_roles_user FOREIGN KEY (user_id) REFERENCES public.users(id) ON DELETE CASCADE;


--
-- Name: worker_applications fk_worker_application_admin; Type: FK CONSTRAINT; Schema: public; Owner: postgres
--

ALTER TABLE ONLY public.worker_applications
    ADD CONSTRAINT fk_worker_application_admin FOREIGN KEY (reviewed_by) REFERENCES public.users(id);


--
-- Name: worker_applications fk_worker_application_category; Type: FK CONSTRAINT; Schema: public; Owner: postgres
--

ALTER TABLE ONLY public.worker_applications
    ADD CONSTRAINT fk_worker_application_category FOREIGN KEY (category_id) REFERENCES public.service_categories(id);


--
-- Name: worker_applications fk_worker_application_user; Type: FK CONSTRAINT; Schema: public; Owner: postgres
--

ALTER TABLE ONLY public.worker_applications
    ADD CONSTRAINT fk_worker_application_user FOREIGN KEY (user_id) REFERENCES public.users(id);


--
-- Name: worker_profiles fk_worker_profile_category; Type: FK CONSTRAINT; Schema: public; Owner: postgres
--

ALTER TABLE ONLY public.worker_profiles
    ADD CONSTRAINT fk_worker_profile_category FOREIGN KEY (category_id) REFERENCES public.service_categories(id);


--
-- Name: worker_profiles fk_worker_profile_worker; Type: FK CONSTRAINT; Schema: public; Owner: postgres
--

ALTER TABLE ONLY public.worker_profiles
    ADD CONSTRAINT fk_worker_profile_worker FOREIGN KEY (worker_id) REFERENCES public.users(id);


--
-- PostgreSQL database dump complete
--

\unrestrict bv5oSPJU4IYYuaeZKGIhrxV3NWf5CCtk7PUdQOp3Q98d5Mg3KlnVXapdJMCYVZ8

